Fund Name,Portfolio Full Name,Currency,Emissions Financed (metric tonnes / $ million total capital),Emissions Intensity (metric tonnes / $ million revenue),ESG Score (Adjusted),ESG Score (Weighted Avg.),Environment,Social,Governance,Controversy
IUS-DEFA,iShares Adaptive Currency Hedged MSCI EAFE ETF,USD,133.23,166.75,7.2,5.92,7.31,4.93,7.21,9.28
IUS-DEZU,iShares Adaptive Currency Hedged MSCI Eurozone ETF,USD,159.35,214.95,4.3,4.37,5.1,4.1,4.29,4.15
IUS-DEWJ,iShares Adaptive Currency Hedged MSCI Japan ETF,USD,183.55,328.51,3.8,4.1,4.71,4.18,3.22,7.86
ISIEVLTTL,iShares Edge MSCI Europe Value Factor UCITS ETF EUR (Acc),EUR,262.53,305.71,5.43,4.6,4.76,4.02,5.74,8.89
ISIEMOTTL,iShares Edge MSCI Europe Momentum Factor UCITS ETF EUR (Acc),EUR,108.75,88.97,5.55,4.51,3.98,4.31,4.88,5.69
ISIEQUTTL,iShares Edge MSCI Europe Quality Factor UCITS ETF EUR (Acc),EUR,149.85,274.14,5.04,4.5,5.77,4.61,3.84,4.82
ISIESZTTL,iShares Edge MSCI Europe Size Factor UCITS ETF EUR (Acc),EUR,366.13,323.83,6.61,5.5,4.98,5.37,6.99,7.52
ISIFSETTL,iShares Edge MSCI Europe Multifactor UCITS ETF EUR (Acc),EUR,206.26,232.94,5.14,4.6,5.38,4.08,4.54,3.28
I-QAT,iShares MSCI Qatar Capped ETF,USD,270.56,319.52,4.45,4.55,5.03,4.18,5.05,6.94
I-UAE,iShares MSCI UAE Capped ETF,USD,316.49,297.57,5.44,4.56,4.51,3.76,5.41,3.87
ISCEMGTTL,iShares MSCI EM Consumer Growth UCITS ETF USD (Acc),USD,357.35,442.17,4.95,4.64,5.72,3.83,5.66,6.31
ISHCN_XAW,iShares Core MSCI All Country World ex Canada Index ETF,CAD,7.94,75.86,5.52,5.01,5.31,3.86,5.93,9.54
IUS-SMLF,iShares Edge MSCI Multifactor USA Small-Cap ETF,USD,22.56,44.32,7.01,6.22,4.33,3.99,6.55,9.01
WEBXATS,iShares MSCI Austria Capped ETF,USD,23.79,28.5,6.33,4.91,6.51,4.33,5.22,2.91
IS-CSSMI,iShares SMI (CH),CHF,197.76,104.09,5.98,5.08,5.16,4.14,6.11,7.37
IS-CSSMIM,iShares SMIM (CH),CHF,"1,343.24","3,354.20",5.91,5.7,5.91,4.9,5.2,4.54
IS-CSSLI,iShares SLI (CH),CHF,17.62,93.49,3.86,4.45,5.7,2.82,4.72,8.93
CHDVD,iShares Swiss Dividend (CH),CHF,141.55,194.65,3.01,3.55,3.98,3.44,3.65,5.32
WEBXCHF,iShares MSCI Switzerland Capped ETF,USD,253.68,223.54,6.42,5.14,6.37,4.48,5.59,3.37
CHSPI,iShares Core SPI (CH),CHF,325.23,655.52,3.67,3.78,2.79,4.59,4.38,2.89
I-JPSML,iShares MSCI Japan Small-Cap ETF,USD,134.85,111.79,5.18,4.66,5.85,4.19,4.86,4.01
ISSJPNTTL,iShares MSCI Japan Small Cap UCITS ETF USD (Dist),USD,23.89,27.39,8.06,5.98,5.67,5.98,6.87,7.02
I-MIDVAL,iShares S&P Mid-Cap 400 Value ETF,USD,524.48,766.42,5.83,4.84,4.48,4.87,5.4,8.79
I-RMCPVL,iShares Russell Mid-Cap Value ETF,USD,73.14,165.07,6.92,5.18,6.25,4.89,6.2,2.86
I-MSTARMV,iShares Morningstar Mid-Cap Value ETF,USD,200.88,767.28,6.03,5.26,6.04,5.5,5.16,5.14
ID-CMIB,iShares FTSE MIB UCITS ETF EUR (Acc),EUR,35.49,26.46,6.97,5.22,6.55,3.95,6.26,3.83
ISSMIBTTL,iShares FTSE MIB UCITS ETF EUR (Dist),EUR,160.63,200.21,5.43,4.81,6.03,4.42,4.92,4.18
WEBXITL,iShares MSCI Italy Capped ETF,USD,209.83,191.4,7.19,5.56,6.73,5.16,5.12,3.66
WEBXFRF,iShares MSCI France ETF,USD,213.94,302.08,4.58,4.55,5.47,4.15,4.9,5.95
ISIFRETTL,iShares MSCI France UCITS ETF EUR (Acc),EUR,182.1,283.23,4.1,4.22,4.73,4,4.33,5.45
XWD,iShares MSCI World Index Fund,CAD,113.32,508.43,5.22,4.05,2.34,4.12,5.55,7.01
GL100,iShares Global 100 ETF,USD,74.15,69.16,6.86,5.66,6.69,4.83,7.2,5.72
ID-CSWD,iShares MSCI World - B UCITS ETF (Acc),USD,155.53,286.18,5.03,4.49,5.78,4.6,3.81,4.48
ISISWDTTL,iShares MSCI World Islamic UCITS ETF USD (Dist),USD,163.88,147.3,6.3,5.21,6.45,5.01,4.86,4.92
ISIWDATTL,iShares Core MSCI World UCITS ETF USD (Acc),USD,149.2,73.82,4.37,4.36,5.86,3.97,4.8,4.17
ISWOLDTTL,iShares MSCI World UCITS ETF USD (Dist),USD,97.42,133.18,4.96,4.58,6.12,4.17,4.45,2.47
I-ACWV,iShares Edge MSCI Min Vol Global ETF,USD,185.55,322.54,6.95,5.65,5.8,4.65,7.72,6.65
I-ACWI,iShares MSCI ACWI ETF,USD,152.88,173.24,4.01,4.33,4.06,3.92,5.25,8.41
IUS-CRBN,iShares MSCI ACWI Low Carbon Target ETF,USD,168.29,162.99,6.79,5.34,6.72,4.78,5.62,2.87
ISIGSGTTL,iShares Dow Jones Global Sustainability Screened UCITS ETF USD (Acc),USD,119.27,281.42,6.35,5.25,6.36,4.9,5.65,5.5
ISIESETTL,iShares MSCI Europe SRI UCITS ETF EUR (Acc),EUR,135.81,234.96,6.72,5.16,6.44,4.07,6.06,3.78
ISISACTTL,iShares MSCI ACWI UCITS ETF USD (Acc),USD,173.35,414.75,7.46,5.85,7.19,4.91,6,5.21
ISMVOLTTL,iShares Edge MSCI World Minimum Volatility UCITS ETF USD (Acc),USD,143.58,148.34,7.22,5.61,6.57,5.11,6.06,4.44
ID-CSCA,iShares MSCI Canada UCITS ETF USD (Acc),USD,136.28,122.53,5.45,4.77,5.84,4.91,3.64,6.29
XIC,iShares Core S&P/TSX Capped Composite Index ETF,CAD,135.31,130.9,5.3,4.74,5.86,4.82,3.62,6
XIU,iShares S&P/TSX 60 Index Fund,CAD,688.15,424.87,4.63,4.43,5.61,3.12,5.19,5.02
XDV,iShares Canadian Select Dividend Index ETF,CAD,1.13,3.87,6.52,5.16,7.13,5.09,4.8,4.15
WEBXCAD,iShares MSCI Canada ETF,USD,10.98,9.57,7.47,6.1,9.18,5.3,6.63,7.56
ISEUMDTTL,iShares EURO STOXX Mid UCITS ETF EUR (Dist),EUR,168.36,209.09,4.89,4.6,5.95,4.21,4.64,3.7
ISMDAXTTL,iShares MDAX UCITS ETF (DE),EUR,144.4,260.94,5.15,4.57,5.95,4.64,3.87,4.76
ISEMUMTTL,iShares MSCI EMU Mid Cap UCITS ETF EUR (Acc),EUR,4.31,47.65,6.62,5.52,5.37,4.55,6.72,9.92
IDJMD2TTL,iShares STOXX Europe Mid 200 UCITS ETF (DE),EUR,272.35,195.81,7.16,5.55,6.76,4.71,5.7,3.31
I-EIREL,iShares MSCI Ireland Capped ETF,USD,122.04,207.92,3.38,3.54,1.82,3.66,4.52,5.43
I-ENZLD,iShares MSCI New Zealand Capped ETF,USD,292.11,609.74,4.56,4.51,4.32,4.19,5.58,8.61
I-DVYA,iShares Asia/Pacific Dividend ETF,USD,118.23,145.36,6.25,5.24,5.72,4.73,6,7.26
IUS-ACWF,iShares Edge MSCI Multifactor Global ETF,USD,165.99,158.14,7.56,5.71,7.01,5.07,5.69,3.44
IHOO,iShares Global 100 AUD Hedged ETF,AUD,54.75,35.2,3.08,3.84,3.89,3.3,4.48,4.37
ISIGWDTTL,iShares MSCI World GBP Hedged UCITS ETF (Acc),GBP,197.71,203.9,5.46,4.64,3.89,4.7,5.02,9.29
ISIWDETTL,iShares MSCI World EUR Hedged UCITS ETF (Acc),EUR,2.94,9.86,3.9,4.27,6.57,4,4.19,3.24
ISASPRTTL,iShares Asia Property Yield UCITS ETF USD (Dist),USD,93.8,44.84,5.21,4.81,6.05,3.83,4.71,3.23
IFTXUKTTL,iShares FTSEurofirst 80 UCITS ETF EUR (Dist),EUR,184.53,338.18,6.1,4.98,5.51,4.61,5.89,5.4
ID-CEU,iShares MSCI EMU UCITS ETF EUR (Acc),EUR,773.68,395.64,5.39,4.49,5.37,3.57,4.5,7.6
ISDJSTTTL,iShares STOXX Europe 50 UCITS ETF EUR (Dist),EUR,181.82,213.28,5.35,4.77,5.97,4.38,4.86,4.16
ISIMEATTL,iShares MSCI Europe UCITS ETF EUR (Acc),EUR,8.87,95.81,4.93,4.71,5.22,3.49,5.51,9.75
I-SPE350,iShares Europe ETF,USD,104.64,85.49,5.57,4.81,6.34,4.89,3.66,6.36
WEBXEMU,iShares MSCI Eurozone ETF,USD,221.4,320.01,6.79,5.21,5.84,5.01,6.32,4.2
ISSMEUTTL,iShares MSCI Europe UCITS ETF EUR (Dist),EUR,308.73,90.11,3.74,4.04,5.74,3.35,4.71,3.61
ISHCN_XEU,iShares MSCI Europe IMI Index ETF,CAD,238.47,316.27,3.99,4.15,4.73,3.97,4.19,5.02
IDJSD3TTL,iShares STOXX Europe Select Dividend 30 UCITS ETF (DE),EUR,11.52,13.97,5.69,4.68,5.08,4.63,4.74,7.33
ISERXXTTL,iShares EURO STOXX UCITS ETF (DE),EUR,742.9,827.03,5.2,4.19,3.33,4.47,5.75,2.61
IDJLG2TTL,iShares STOXX Europe Large 200 UCITS ETF (DE),EUR,260.19,430.53,5.49,4.81,6.18,4.43,4.51,3.23
ISMVEUTTL,iShares Edge MSCI Europe Minimum Volatility UCITS ETF EUR (Acc),EUR,172.42,201.79,5.14,5.25,5.41,4.63,6.09,7.38
ISEMULTTL,iShares MSCI EMU Large Cap UCITS ETF EUR (Acc),EUR,100.21,103.92,6.81,5.25,6.6,4.59,5.59,2.43
I-EUMV,iShares Edge MSCI Min Vol Europe ETF,USD,32.28,52.67,3.57,4.25,7.58,3.4,5.01,6.32
ISEMUCTTL,iShares MSCI EMU CHF Hedged UCITS ETF (Acc),CHF,4.09,52.27,6.71,5.59,5.65,4.37,6.78,9.95
ISDJASTTL,iShares Asia Pacific Dividend UCITS ETF USD (Dist),USD,3.87,6.2,6.52,5.21,6.28,5.03,5.47,5.08
ISAPSDTTL,iShares Dow Jones Asia Pacific Select Dividend 30 UCITS ETF (DE),EUR,18.34,23.35,3.99,4.23,6.73,3.79,4.46,3.88
ISHMSCTTL,iShares MSCI AC Far East ex-Japan UCITS ETF USD (Dist),USD,113.32,508.43,3.78,4.05,1.93,4.12,5.18,8.64
I-AXJV,iShares Edge MSCI Min Vol Asia ex Japan ETF,USD,167.99,491.73,4.71,4.46,4.81,4.4,4.61,6.67
XCV,iShares Dow Jones Canada Select Value Index Fund,CAD,221.52,316.53,3.97,4.19,4.99,4.55,3.17,7.7
ISEXUKTTL,iShares MSCI Europe ex-UK UCITS ETF EUR (Dist),EUR,108.24,82.77,4.03,4.37,4.47,4.17,5.04,8.97
ISEUXSTTL,iShares MSCI Europe ex-UK GBP Hedged UCITS ETF (Dist),GBP,203.84,199.68,7.27,5.64,6.91,5.07,5.73,4.1
ISHCN_CUD,iShares S&P US Dividend Growers Index Fund (CAD-Hedged),CAD,134.22,41.61,5.09,4.6,5.22,4.45,4.84,3.97
I-R3000,iShares Russell 3000 ETF,USD,209.73,194.95,7.1,5.59,6.67,5.01,5.86,4.87
I-EUSA,iShares MSCI USA Equal Weighted ETF,USD,156.22,155.1,6.91,5.52,6.83,4.91,6.14,5.49
I-SP1500,iShares Core S&P Total U.S. Stock Market ETF,USD,422.26,"1,055.08",6.36,5.95,6.69,4.4,5.27,8.08
ID-CSUS,iShares MSCI USA UCITS ETF USD (Acc),USD,208.08,344.12,4.48,4.51,5.81,4.2,4.48,3.91
I-USMV,iShares Edge MSCI Min Vol USA ETF,USD,171.56,329.56,6.29,5.02,6.15,4.84,5.75,3.92
I-MTUM,iShares Edge MSCI USA Momentum Factor ETF,USD,749.38,842.06,4.53,5.05,7.22,5.99,6.7,6.32
I-SIZE,iShares Edge MSCI USA Size Factor ETF,USD,221.42,320.16,6.79,5.21,5.84,5.01,6.32,4.19
XMU,iShares Edge MSCI Min Vol USA Index ETF,CAD,571.54,710.29,4.58,4.12,4.84,3.48,4.54,4.76
I-QUAL,iShares Edge MSCI USA Quality Factor ETF,USD,715.42,827.12,3.08,3.76,3.79,3.35,3.54,5.06
ISHDIVTTL,iShares MSCI USA Dividend IQ UCITS ETF USD (Dist),USD,75.64,54.97,6.17,5.2,6.27,4.7,6,7.33
ICN_CLU,iShares US Fundamental Index ETF -Trading sleeve,CAD,226.25,243.05,7.5,5.81,7.43,5.14,5.59,4.34
ID-CPXJ,iShares Core MSCI Pacific ex-Japan UCITS ETF USD (Acc),USD,225.22,187.24,7.12,5.58,6.3,4.74,6.84,6.82
I-MSTARLG,iShares Morningstar Large-Cap Growth ETF,USD,271.34,604.32,4.11,3.91,2.86,4.78,4.53,3.97
I-R1GRO,iShares Russell 1000 Growth ETF,USD,370.68,494.63,3.08,3.68,3.3,3.39,3.46,4.4
I-R200G,iShares Russell Top 200 Growth ETF,USD,195.13,374.49,6.84,5.31,6.71,4.19,6.19,4.58
I-SP5GRO,iShares S&P 500 Growth ETF,USD,158.15,147.82,6.18,5.06,6.39,4.5,5.79,2.78
IUS-IUSV,iShares Core S&P U.S. Value ETF,USD,301.57,503.43,3.73,4.12,5.45,4.12,2.96,5.93
I-VLUE,iShares Edge MSCI USA Value Factor ETF,USD,218.78,199.56,5.84,5.07,5.17,4.36,6.85,8.66
IFT250TTL,iShares FTSE 250 UCITS ETF GBP (Dist),GBP,191.76,139.7,6.66,5.42,6.14,4.78,6.44,7.07
BNV004DE,iShares JPX-Nikkei 400 ETF,JPY,238.13,290.37,5.79,4.92,5.63,4.69,5.11,4.14
BNV005DE,iShares Core TOPIX ETF,JPY,271.44,359.34,6.38,5.45,6.02,5.16,5.33,5.63
BNV006DE,iShares Japan REIT ETF,JPY,122.29,202.75,5.7,4.37,4,4.64,4.61,8.9
BNV007DE,iShares MSCI Japan Minimum Volatility (ex-REITs) ETF,JPY,176.97,330.76,6.23,5.13,6.15,4.65,5.53,6
BNV008DE,iShares MSCI Japan High Dividend ETF,JPY,41.56,53.36,5.41,4.81,9.74,4.34,4.77,3.09
BNV009DE,iShares JPX/S&P CAPEX & Human Capital ETF,JPY,373.94,554.66,4.78,4.49,3.99,5.55,4.64,2.98
ISIJPDTTL,iShares MSCI Japan USD Hedged UCITS ETF (Acc),USD,213.08,413.95,4.61,4.56,6.33,3.9,4.83,4.86
ISIJPETTL,iShares MSCI Japan EUR Hedged UCITS ETF (Acc),EUR,311.48,483.56,3.68,4.07,5.37,4.1,2.97,6.35
ISIJPGTTL,iShares MSCI Japan GBP Hedged UCITS ETF (Acc),GBP,210.02,82.32,4.56,4.54,5.33,4.3,5,7.31
ISIJPCTTL,iShares MSCI Japan CHF Hedged UCITS ETF (Acc),CHF,33.68,26.94,4.3,4.35,7.59,3.93,4.72,4.86
ISNK4ETTL,iShares JPX-Nikkei 400 EUR Hedged UCITS ETF (Acc),EUR,135.83,131.35,5.3,4.74,5.86,4.82,3.62,6.01
ISHCN_CIF,iShares Global Infrastructure Index Fund,CAD,104.64,85.49,5.57,4.81,6.34,4.89,3.66,6.36
ISHCN_COW,iShares Global Agriculture Index Fund,CAD,135.25,115.02,5.12,4.65,5.75,4.19,4.88,4.36
ISHCN_CWW,iShares S&P Global Water Index Fund,CAD,260.99,351.25,4.15,4.22,4.8,4.01,4.3,5.75
I-CLNEN,iShares Global Clean Energy ETF,USD,10.87,82.74,4.47,4.68,5.45,3.12,5.28,9.33
XBM,iShares S&P/TSX Global Base Metals Index Fund,CAD,9.88,71.37,5.66,5.06,5.32,4.13,5.84,9.42
ISDJIATTL,iShares Dow Jones Industrial Average UCITS ETF (DE),USD,133.36,95.46,3.25,4.3,4.67,3.85,4.71,6.96
ISCNRGTTL,iShares Global Clean Energy UCITS ETF USD (Dist),USD,338.32,529.74,3.85,3.99,4.7,4.08,3.63,3.89
I-EUFIN,iShares MSCI Europe Financials ETF,USD,139.68,134.44,6.16,5.05,6.39,4.48,5.77,2.77
I-EMINF,iShares Emerging Markets Infrastructure ETF,USD,102.58,76.99,5.44,4.8,6.05,4.9,3.55,6.03
I-GLINF,iShares Global Infrastructure ETF,USD,10.78,7.8,3.51,4.27,6.07,3.15,4.88,5.44
ISFTMCTTL,iShares Global Infrastructure UCITS ETF USD (Dist),USD,159.54,200.92,5.44,4.81,6.03,4.42,4.92,4.16
ISGWTRTTL,iShares Global Water UCITS ETF USD (Dist),USD,9.28,17.03,6.46,5.4,7.52,4.44,6.36,8.14
I-SLVP,iShares MSCI Global Silver Miners ETF,USD,210.11,194.78,7.12,5.59,6.73,5.01,5.84,4.69
I-RING,iShares MSCI Global Gold Miners ETF,USD,193.98,245.05,3.93,4.15,4.72,4.02,4.13,5
I6DIVDTTL,iShares STOXX Global Select Dividend 100 UCITS ETF (DE),EUR,144.58,153.76,5.4,4.7,5.57,4.76,3.83,6.95
I-SNPGCD,iShares Global Consumer Discretionary ETF,USD,157,408.04,5.77,4.85,5.35,4.99,5.36,4.51
I-SNPGIND,iShares Global Industrials ETF,USD,190.83,174.63,5.37,4.85,4.72,4.48,6.3,9.19
I-SNPGCS,iShares Global Consumer Staples ETF,USD,201.89,377.2,4.6,4.37,5.41,4.44,3.8,5.23
I-SNPGEN,iShares Global Energy ETF,USD,166.66,212.45,4.77,4.56,5.77,4.17,4.69,4.3
I-SNPGFN,iShares Global Financials ETF,USD,174.12,179.19,6.87,5.39,6.58,4.76,5.84,3.83
I-SNPGHC,iShares Global Healthcare ETF,USD,144.46,275.89,5.04,4.5,5.85,4.6,3.77,4.49
I-SNPGTC,iShares Global Telecom ETF,USD,184.12,337.85,6.09,4.97,5.51,4.61,5.88,5.4
I-SNPGUTIL,iShares Global Utilities ETF,USD,204.25,186.14,7.35,5.66,6.96,5.05,5.78,3.88
I6AUTOTTL,iShares STOXX Europe 600 Automobiles & Parts UCITS ETF (DE),EUR,165.37,141.97,5.96,4.99,5.76,4.06,5.36,5.37
IUS-XT,iShares Exponential Technologies ETF,USD,445.55,664.85,4.37,4.29,4.95,4.18,4.51,7.47
ISPEMITTL,iShares EM Infrastructure UCITS ETF USD (Dist),USD,119.65,153.19,6.8,5.43,6.51,4.64,6.12,5.69
XEN,iShares Jantzi Social Index Fund,CAD,324.28,550.68,3.89,3.66,2.64,4.63,4.74,6.13
I6BANKTTL,iShares STOXX Europe 600 Banks UCITS ETF (DE),EUR,181.8,186.96,7.09,5.51,6.62,4.84,5.89,4.5
I-TIMBR,iShares Global Timber & Forestry ETF,USD,161.08,203.46,5.42,4.8,6.02,4.42,4.91,4.18
ISTREETTL,iShares Global Timber & Forestry UCITS ETF USD (Dist),USD,255.05,345.2,6.53,5.5,6.29,5.22,5.13,5.1
XHC,iShares Global Healthcare Index ETF (CAD-Hedged),CAD,74.27,77.19,5.36,4.71,6.1,4.39,4.53,2.07
I6CHEMTTL,iShares STOXX Europe 600 Chemicals UCITS ETF (DE),EUR,19.8,101.61,4.51,4.73,6.17,3.27,4.47,8.86
I-SNPGMAT,iShares Global Materials ETF,USD,164.37,154.43,5.72,5.07,5.15,4.53,6.48,8.98
XGI,iShares S&P Global Industrials Fund (CAD-Hedged),CAD,28.27,37.48,5.79,5.01,9.23,4.55,5.13,4.59
I6CONMTTL,iShares STOXX Europe 600 Construction & Materials UCITS ETF (DE),EUR,557.84,"1,127.29",4.64,4.72,5.07,4.26,4.96,5.18
I-SNPGIT,iShares Global Tech ETF,USD,139.64,134.64,6.16,5.04,6.39,4.48,5.77,2.78
XCD,iShares S&P Global Consumer Discretionary Index Fund (CAD-Hedged),CAD,2.42,5.4,6,5.17,7.27,4.93,5.26,4.66
I6FINSTTL,iShares STOXX Europe 600 Financial Services UCITS ETF (DE),EUR,96.13,59.22,5.43,4.64,5.59,4.05,4.45,3.89
I6FOODTTL,iShares STOXX Europe 600 Food & Beverage UCITS ETF (DE),EUR,3.02,12.76,3.8,4.19,2.42,3.43,5.83,6.36
I6HLTHTTL,iShares STOXX Europe 600 Health Care UCITS ETF (DE),EUR,157.81,201.15,2.32,3.41,4.27,3.17,3.64,4.76
I6INDGTTL,iShares STOXX Europe 600 Industrial Goods & Services UCITS ETF (DE),EUR,266.6,282.29,6.12,5.07,6.06,4.8,5.12,4.12
I6INSUTTL,iShares STOXX Europe 600 Insurance UCITS ETF (DE),EUR,"1,047.40","2,348.52",6.19,5.79,5.8,5.45,5.4,4.64
I-PICK,iShares MSCI Global Metals & Mining Producers ETF,USD,111.08,63.11,5.3,4.89,4.91,4.43,6.17,9.71
I6MDIATTL,iShares STOXX Europe 600 Media UCITS ETF (DE),EUR,197.69,264.92,3,3.59,5.04,3.53,3.11,3.76
I6PHGDTTL,iShares STOXX Europe 600 Personal & Household Goods UCITS ETF (DE),EUR,168.85,209,4.89,4.6,5.96,4.21,4.64,3.7
I6TECHTTL,iShares STOXX Europe 600 Technology UCITS ETF (DE),EUR,135.36,131.19,5.3,4.74,5.86,4.82,3.62,6.01
I-VEGI,iShares MSCI Global Agriculture Producers ETF,USD,99.53,58.46,5.93,4.82,5.98,4.09,4.95,3.13
I6TLELTTL,iShares STOXX Europe 600 Telecommunications UCITS ETF (DE),EUR,267.74,350.6,3.24,3.75,4.63,3.51,3.8,4.74
I-FILL,iShares MSCI Global Energy Producers ETF,USD,130.56,95.95,3.92,4.38,4.07,4.01,5.4,9.14
I6UTILTTL,iShares STOXX Europe 600 Utilities UCITS ETF (DE),EUR,124.4,31.63,7.67,5.29,6.43,4.56,6.18,4.53
ISBANKTTL,iShares EURO STOXX Banks 30-15 UCITS ETF (DE),EUR,121.8,205.24,6.64,5.12,6.39,4.11,6,3.86
ISDJEUTTL,iShares EURO STOXX 50 UCITS ETF (DE),EUR,107.98,99.48,6.16,5.01,6.24,4.73,4.63,2.13
ISESD3TTL,iShares EURO STOXX Select Dividend 30 UCITS ETF (DE),EUR,45.36,42.03,6.1,4.93,6.62,4.85,4.22,5.57
ISIAUPTTL,iShares Gold Producers UCITS ETF USD (Acc),USD,189.32,296.48,4.46,4.5,6.27,4.35,4.11,2.7
ISSSUTTTL,iShares Dow Jones Eurozone Sustainability Screened UCITS ETF (DE),EUR,10.46,117.68,2.54,3.94,4.12,1.89,5.93,10
ISISAGTTL,iShares Agribusiness UCITS ETF USD (Acc),USD,136.99,122.03,5.45,4.77,5.84,4.91,3.63,6.3
ISIOGPTTL,iShares Oil & Gas Exploration & Production UCITS ETF USD (Acc),USD,142.94,132.18,5.29,4.74,5.86,4.82,3.62,6.56
ISTELETTL,iShares EURO STOXX Telecommunications 30-15 UCITS ETF (DE),EUR,134.02,131.43,5.94,4.91,6.36,4.4,5.5,1.72
I6TRAVTTL,iShares STOXX Europe 600 Travel & Leisure UCITS ETF (DE),EUR,11.8,89.08,4.38,4.69,5.58,2.84,5.39,9.31
I6OILGTTL,iShares STOXX Europe 600 Oil & Gas UCITS ETF (DE),EUR,22.96,21.5,4.81,4.53,3.79,4.78,4.6,8.8
I6RTALTTL,iShares STOXX Europe 600 Retail UCITS ETF (DE),EUR,3.22,4.11,3.35,4.22,5.34,3.68,4.99,6.84
I6BASRTTL,iShares STOXX Europe 600 Basic Resources UCITS ETF (DE),EUR,155.22,121.33,5.66,7.02,6.44,4.9,6.22,5.67
ISGPRVTTL,iShares Listed Private Equity UCITS ETF USD (Dist),USD,41.27,208.42,3.91,4.04,3.2,4,4.57,8.33
ILC,iShares S&P/ASX 20 ETF,AUD,154.8,155.61,5.56,4.72,5.57,4.94,3.69,6.82
ISIAUSTTL,iShares MSCI Australia UCITS ETF USD (Acc),USD,459.88,362.35,4.61,4.37,3.9,4.2,5.53,8.92
IOZ,iShares Core S&P/ASX 200 ETF,AUD,181.46,193.58,3.94,4.34,4,4.05,5.29,8.81
WEBXAUD,iShares MSCI Australia ETF,USD,213.17,195.88,5.16,4.7,5.89,4.5,4.37,3.86
ISHCN_CGR,iShares Global Real Estate Index Fund,CAD,215.49,242.8,4.98,4.54,5.25,4.05,4.55,3.52
I-FT-GLXUS,iShares International Developed Real Estate ETF,USD,16.79,93.29,4.04,4.53,5.66,2.91,4.81,9.04
ISGLPRTTL,iShares Developed Markets Property Yield UCITS ETF USD (Dist),USD,218.16,233.98,4.99,4.73,5.65,4.5,5.04,5.84
I-REET,iShares Global REIT ETF,USD,66.89,135.55,4.19,5.12,3.78,4.22,5.34,2.32
I-SPCWL,iShares International Developed Property ETF,USD,275.18,205.86,7.07,5.61,6.6,5,6.95,5.04
I-EAFEGRO,iShares MSCI EAFE Growth ETF,USD,2.28,4.52,3.36,4.03,4.19,3.59,4.5,4.72
I-NIF50,iShares India 50 ETF,USD,145.33,338.11,5.8,3.89,5.22,4.09,5.22,5.1
I-SMIN,iShares MSCI India Small-Cap ETF,USD,448.45,669.04,4.36,4.29,4.95,4.19,4.51,7.46
I-INDA,iShares MSCI India ETF,USD,712.33,811.06,5.96,4.58,4.53,4.01,6.11,2.99
I-R2000,iShares Russell 2000 ETF,USD,341.2,767.28,4.82,4.68,4.43,4.69,5.02,6.99
I-RMICRO,iShares Micro-Cap ETF,USD,199.62,214.74,5.17,4.73,6.17,4.31,4.54,3.58
ISNASDTTL,iShares NASDAQ-100 UCITS ETF (DE),USD,190.95,202.1,2.32,3.45,4.54,3.14,3.74,4.03
I-SP600,iShares Core S&P Small-Cap ETF,USD,190.86,230.7,4.93,4.59,5.41,4.51,4.64,3.88
I-MSTARSC,iShares Morningstar Small-Cap ETF,USD,35.79,23.23,3.48,3.98,4.59,3.53,4.5,4.18
ID-CUSS,iShares MSCI USA Small Cap UCITS ETF USD (Acc),USD,186.69,311.64,5.41,4.84,5.63,4.45,5.36,4.24
ISSP60TTL,iShares S&P SmallCap 600 UCITS ETF USD (Dist),USD,201.36,549.01,5.81,4.84,5.18,5.15,5.38,4.29
WEBXSGD,iShares MSCI Singapore Capped ETF,USD,250.19,793.9,4.05,3.66,2.71,4.2,4.9,6.4
XMD,iShares S&P/TSX Completion Index ETF,CAD,10.31,20.42,4.25,4.48,5.41,4.43,4.37,7.46
WEBXBEF,iShares MSCI Belgium Capped ETF,USD,34.74,41.9,7.47,5.53,9.48,5.09,5.59,3.58
I-MIDCAP,iShares Core S&P Mid-Cap ETF,USD,412.34,575.99,4.53,4.2,3.59,5.14,4.67,3.41
I-MSTARMC,iShares Morningstar Mid-Cap ETF,USD,255.95,350.48,4.12,4.2,4.78,4.02,4.26,5.29
I-RMCAP,iShares Russell Mid-Cap ETF,USD,16.95,26.57,5.52,5.14,7.38,4.5,6.12,10
I-R2GRO,iShares Russell 2000 Growth ETF,USD,161.56,209.83,5.43,4.81,6.03,4.37,5.04,4.03
I-SP6GRO,iShares S&P Small-Cap 600 Growth ETF,USD,151.06,188.4,3.87,4.3,4.08,4,5.15,8.83
I-MSTARSG,iShares Morningstar Small-Cap Growth ETF,USD,198.51,272.67,4.07,4.36,4.31,3.99,5.11,8.24
I-ISRAEL,iShares MSCI Israel Capped ETF,USD,14.4,88.82,5.03,4.83,5.8,3.53,5.08,9.08
I-URTH,iShares MSCI World ETF,USD,135.27,130.79,5.3,4.74,5.86,4.82,3.62,6.01
I-IPFF,iShares International Preferred Stock ETF,USD,85.3,69.66,5.72,4.87,6.94,4.51,4.47,2.31
I-SOAFRC,iShares MSCI South Africa ETF,USD,136.76,117.97,5.9,4.99,6.01,4.52,5.36,4.81
ISIRSATTL,iShares MSCI South Africa UCITS ETF USD (Acc),USD,164.08,181.7,6.27,5.15,6.13,4.71,5.41,5.28
I-EFSML,iShares MSCI EAFE Small-Cap ETF,USD,172.89,148.95,7.5,5.71,7.08,4.99,5.93,4.33
IUS-IEUS,iShares MSCI Europe Small-Cap ETF,USD,150.86,203.78,8.51,6.22,7.34,5.58,6.58,4.98
IUS-ISCF,iShares Edge MSCI Multifactor Intl Small-Cap ETF,USD,247.05,227.24,6.33,5.42,6.01,4.73,6,7.11
ISIEMSTTL,iShares MSCI EM Small Cap UCITS ETF USD (Dist),USD,13.36,83.38,3.82,4.47,5.54,2.71,4.79,8.99
I-EMSML,iShares MSCI Emerging Markets Small-Cap ETF,USD,496.94,279.01,5.65,4.91,6.13,4.04,5.94,5.11
IHD,iShares S&P/ASX Dividend Opportunities ETF,AUD,346.27,469.16,4.1,4.23,3.5,4.58,4.95,7.6
I-IEMG,iShares Core MSCI Emerging Markets ETF,USD,158.64,393.9,5.93,4.9,5.61,5.02,5.37,3.91
ISHCN_CBQ,iShares BRIC Index Fund,CAD,157.12,213.47,4.9,4.6,5.89,4.24,4.7,3.94
ISHCN_CWO,iShares Emerging Markets Fundamental Index ETF,CAD,177.51,135.21,4.95,4.51,5.76,4.84,3.51,9.19
I-EINDO,iShares MSCI Indonesia ETF,USD,131.44,236.57,6.75,5.11,6.49,3.98,5.98,2.98
ICMTRAC,iShares IPC CompMX Total Return Trac,MXN,190.52,445.51,5.59,4.81,5.3,4.81,5.42,5.07
I-EPHPP,iShares MSCI Philippines ETF,USD,23.78,27.69,4.71,4.42,6.71,3.91,4.68,3.28
I-EPLND,iShares MSCI Poland Capped ETF,USD,338.86,631.31,4.84,4.43,4.14,4.25,5.06,6.2
I-MSCIEM,iShares MSCI Emerging Markets ETF,USD,197.37,406.64,5.18,4.72,6.24,4.22,4.91,5.23
ISHEEMTTL,iShares MSCI EM UCITS ETF USD (Dist),USD,160.83,152.68,5.38,4.95,5.11,4.32,6.22,8.93
I-EEMV,iShares Edge MSCI Min Vol Emerging Markets ETF,USD,148.73,484.19,4.45,4.39,5.14,3.63,4.89,7.71
ISIEDYTTL,iShares EM Dividend UCITS ETF USD (Dist),USD,123.26,230.17,4.54,4.59,5,4.15,5.2,7.36
I-ERUSS,iShares MSCI Russia Capped ETF,USD,159.22,201.93,5.44,4.81,6.03,4.42,4.92,4.17
I-DVYE,iShares Emerging Markets Dividend ETF,USD,"1,221.21","2,575.80",6.6,6.02,6.31,4.92,5.56,4.53
ICOLCAP,Fondo Bursatil iShares COLCAP,COP,464.99,860.87,3.56,3.89,4.88,4.05,3.27,5.16
ID-CSRU,iShares MSCI Russia ADR/GDR UCITS ETF USD (Acc),USD,2.84,2.15,7.06,5.92,7.28,5.5,6.98,7.33
ISIEMATTL,iShares MSCI EM UCITS ETF USD (Acc),USD,167.82,209.15,4.89,4.6,5.95,4.21,4.64,3.7
ISIGCCTTL,iShares MSCI GCC ex-Saudi Arabia UCITS ETF USD (Dist),USD,195.13,374.51,6.84,5.31,6.71,4.19,6.19,4.58
ISISEMTTL,iShares MSCI EM Islamic UCITS ETF USD (Dist),USD,210.76,162.33,6.44,5.26,6.06,4.36,5.45,4.81
ILCTRAC,iShares IPC Large Cap Total Return Trac,MXN,307.9,318.48,5.34,4.55,4.64,3.5,5.48,4.05
IMCTRAC,iShares IPC MId Cap Total Return Trac,MXN,1.2,4.98,5.34,4.75,7.06,4.61,4.43,3.09
ISHBRIC,iShares MSCI BRIC ETF,USD,138.84,204.1,3.48,3.93,5.1,2.81,4.18,9.24
NAFTRAC,iShares NAFTRAC,MXN,333.13,209.84,5.3,4.55,4.72,3.62,4.98,4.21
I-FM,iShares MSCI Frontier 100 ETF,USD,199.68,443.66,6.35,5.27,5.85,4.75,5.8,6.03
ISSPOLTTL,iShares MSCI Poland UCITS ETF USD (Acc),USD,427.66,719.59,5.87,4.84,4.58,5.88,4.44,7.42
ISEMMVTTL,iShares Edge MSCI EM Minimum Volatility UCITS ETF USD (Acc),USD,73.22,60.84,2.29,3.39,4.43,3.23,3.46,4.06
ISEMIMTTL,iShares Core MSCI EM IMI UCITS ETF USD (Acc),USD,177.25,365.56,5.06,4.82,5.49,4.48,5.17,4.8
XPF,iShares S&P/TSX North American Preferred Stock Index Fund (CAD-Hedged),CAD,219.14,455.34,4.42,4.35,4.6,4.37,4.53,7.34
XRE,iShares S&P/TSX Capped REIT Index Fund,CAD,345.57,335,6.65,5.46,5.74,5.57,5.01,3.47
ISIWMOTTL,iShares Edge MSCI World Momentum Factor UCITS ETF USD (Acc),USD,213,413.78,4.61,4.56,6.33,3.9,4.83,4.86
ISIWQUTTL,iShares Edge MSCI World Quality Factor UCITS ETF USD (Acc),USD,135.29,121.35,5.45,4.77,5.84,4.91,3.63,6.28
ISIWSZTTL,iShares Edge MSCI World Size Factor UCITS ETF USD (Acc),USD,153.6,202.46,6.53,5.25,6.74,4.89,5.06,3.65
ISIWVLTTL,iShares Edge MSCI World Value Factor UCITS ETF USD (Acc),USD,3.82,44.64,7.26,5.81,5.98,4.64,6.74,9.92
XCS,iShares S&P/TSX SmallCap Index Fund,CAD,412.33,148.34,7.56,6.55,4.56,3.99,5.45,3.67
I-MSTARLC,iShares Morningstar Large-Cap ETF,USD,175.42,292.38,5.25,4.59,4.47,4.67,5.47,6.19
ID-CNDX,iShares NASDAQ 100 UCITS ETF USD (Acc),USD,143.58,148.34,7.22,5.61,6.57,5.11,6.06,4.44
I-R200C,iShares Russell Top 200 ETF,USD,165.46,207.54,4.72,4.55,5.69,4.16,4.71,4.5
I-R1000,iShares Russell 1000 ETF,USD,149.39,135.87,5.36,4.75,5.89,4.88,3.6,6.42
ISHSNPTTL,iShares S&P 500 UCITS ETF USD (Dist),USD,251.05,411.16,4.82,4.47,6.11,4.22,4.3,2.39
ID-CSPX,iShares Core S&P 500 UCITS ETF USD - CP,USD,180.93,193.24,3.94,4.34,4,4.05,5.28,8.81
I-SP100,iShares S&P 100 ETF,USD,77.32,85.01,3.79,4.27,4.5,4.1,4.95,9.09
I-SP500,iShares Core S&P 500 ETF,USD,62.83,83.01,4.45,4.44,4.77,4.13,5,7.99
ISISUSTTL,iShares MSCI USA Islamic UCITS ETF USD (Dist),USD,29.02,33.91,6.3,5.1,5.64,5.14,4.89,4.26
I-KLD,iShares MSCI USA ESG Select ETF,USD,171.85,175.62,5.69,5.05,5.11,4.52,6.47,9.01
ISNAMETTL,iShares MSCI North America UCITS ETF USD (Dist),USD,190.07,184.42,5.48,4.83,5.98,4.58,4.74,4.37
IKLD400,iShares MSCI KLD 400 Social ETF,USD,104.64,85.49,5.57,4.81,6.34,4.89,3.66,6.36
IUS-LRGF,iShares Edge MSCI Multifactor USA ETF,USD,168.64,168.53,6.68,5.34,6.37,4.71,5.93,4.63
ISSPMVTTL,iShares Edge S&P 500 Minimum Volatility UCITS ETF CP,USD,121.86,148.91,3.29,3.79,4.71,3.68,3.58,3.87
ISIUSCTTL,iShares S&P 500 CHF Hedged UCITS ETF (Acc),CHF,217.01,453.78,4.42,4.35,4.6,4.37,4.53,7.34
ISUKPRTTL,iShares UK Property UCITS ETF GBP (Dist),GBP,258.85,351.36,4.13,4.2,4.79,4.02,4.27,5.28
ISUKRETTL,iShares MSCI Target UK Real Estate UCITS ETF GBP (Dist),GBP,835.56,"1,500.99",3.56,4.37,4.91,4.52,4.09,7.22
XQQ,iShares NASDAQ 100 Index Fund (CAD-Hedged),CAD,134.22,41.62,5.09,4.6,5.22,4.45,4.84,3.97
ISHCN_CIE,iShares International Fundamental Index Fund,CAD,173.35,414.76,7.46,5.85,7.19,4.91,6,5.21
IUS-IQLT,iShares Edge MSCI Intl Quality Factor ETF,USD,104.68,85.52,5.57,4.81,6.34,4.89,3.66,6.36
IUS-IMTM,iShares Edge MSCI Intl Momentum Factor ETF,USD,136.19,132.38,5.3,4.74,5.86,4.82,3.62,6.01
I-BIO,iShares Nasdaq Biotechnology ETF,USD,158,268.58,4.53,4.49,6.26,4.25,4.2,2.66
I-GSNAT,iShares North American Natural Resources ETF,USD,161.46,201.15,5.45,4.82,6.04,4.43,4.93,4.16
I-DJAERO,iShares U.S. Aerospace & Defense ETF,USD,198.29,395.02,5.07,4.67,6.01,4.27,4.81,5.43
I-DJBD,iShares U.S. Broker-Dealers & Securities Exchanges ETF,USD,151.12,136.87,6.91,5.54,6.87,4.8,6.29,5.53
I-DJHCPRO,iShares U.S. Healthcare Providers ETF,USD,145.51,81.05,7.53,5.89,6.89,4.44,6.7,5.67
I-DJHOME,iShares U.S. Home Construction ETF,USD,"1,588.83","3,786.68",5.1,5.35,5.59,3.03,5.88,9.34
I-DJINSUR,iShares U.S. Insurance ETF,USD,164.49,206.36,4.72,4.55,5.69,4.16,4.71,4.54
I-DBMAT,iShares U.S. Basic Materials ETF,USD,24.04,96.56,4.03,4.55,5.88,3.23,4.83,8.88
I-DJMEDDEV,iShares U.S. Medical Devices ETF,USD,180.83,392.01,5.33,4.98,5.41,4.51,6.07,8.1
I-DJOGP,iShares U.S. Oil & Gas Exploration & Production ETF,USD,251.04,410.99,4.83,4.47,6.11,4.22,4.3,2.39
I-DCYCL,iShares U.S. Consumer Services ETF,USD,111.42,40.52,5.09,4.33,3.94,4.44,4.95,7.13
I-DJOILES,iShares U.S. Oil Equipment & Services ETF,USD,157.25,202.72,4.85,4.58,5.93,4.19,4.66,3.9
ID-CIND,iShares Dow Jones Industrial Average UCITS ETF USD (Acc),USD,455.67,444.23,5.71,5.87,5.12,3.88,5.74,7.23
I-DJPHARMA,iShares U.S. Pharmaceuticals ETF,USD,72.08,42.42,2.96,3.82,3.72,3.27,4.47,4.41
I-DENGY,iShares U.S. Energy ETF,USD,902.03,"1,007.98",7.81,6.61,6.79,5.03,6.91,5.14
I-DJRBANK,iShares U.S. Regional Banks ETF,USD,3.64,61.84,7,5.81,6.42,3.96,6.97,10
I-DFIN,iShares U.S. Financials ETF,USD,238.79,315.43,3.99,4.15,4.73,3.97,4.2,5.03
I-DFNSVC,iShares U.S. Financial Services ETF,USD,47.58,38.46,7.09,5.34,6.38,3.74,6.33,3.9
I-DHLTH,iShares U.S. Healthcare ETF,USD,211.22,329.1,4.49,4.5,5.92,4.2,4.44,3.69
I-DIND,iShares U.S. Industrials ETF,USD,271.63,415.62,3.82,4.24,4.13,3.9,5.1,7.84
I-DNCYCL,iShares U.S. Consumer Goods ETF,USD,179.42,136.19,4.93,4.51,5.79,4.88,3.5,9.19
I-DTECH,iShares U.S. Technology ETF,USD,317.36,538.45,3.53,4,5.19,4.09,3.17,5.74
I-DTELE,iShares U.S. Telecommunications ETF,USD,450.53,735.75,5.6,4.77,4.24,4.91,5.25,8.94
I-GSNET,iShares North American Tech-Multimedia Networking ETF,USD,66.81,180.38,3.51,4.06,5.89,3.76,4.01,3.87
I-DTOTAL,iShares Dow Jones U.S. ETF,USD,191.04,202.2,2.32,3.45,4.54,3.14,3.74,4.03
I-GSSEM,iShares PHLX Semiconductor ETF,USD,209.29,194.75,7.13,5.6,6.73,5.01,5.84,4.68
I-GSSOF,iShares North American Tech-Software ETF,USD,86.84,130.93,4.9,5.3,5.8,5.5,4.52,5.98
I-DTRAN,iShares Transportation Average ETF,USD,572.51,707.4,4.54,4.16,4.96,3.62,4.54,4.88
I-GSTI,iShares North American Tech ETF,USD,169.53,171.78,6.82,5.38,6.55,4.74,5.86,4
I-DUTL,iShares U.S. Utilities ETF,USD,145.32,275.67,4.88,4.21,5.98,4.55,5.67,5.55
I-SNPPREF,iShares U.S. Preferred Stock ETF,USD,189.51,215.59,5.21,4.76,5.43,4.42,5.41,6.63
I-HDIV,iShares Core High Dividend ETF,USD,498.06,453.29,6.93,5.23,5,4.07,6.62,3.59
ISHCN_XHU,iShares U.S. High Dividend Equity Index ETF,CAD,161.26,196.16,6.47,5.18,6.15,4.7,5.58,4.97
XHD,iShares U.S. High Dividend Equity Index ETF (CAD-Hedged),CAD,209.87,195.34,7.13,5.6,6.73,5.01,5.84,4.68
WEBXNLG,iShares MSCI Netherlands ETF,USD,250.97,410.97,4.82,4.47,6.11,4.22,4.3,2.39
I-BRZSC,iShares MSCI Brazil Small-Cap ETF,USD,163.87,227.37,3.91,4.12,4.83,3.68,4.29,9.02
I-CHNSC,iShares MSCI China Small-Cap ETF,USD,200.97,767.71,6.03,5.26,6.04,5.5,5.16,5.15
ISIGUSTTL,iShares S&P 500 GBP Hedged UCITS ETF (Acc),GBP,212.21,190.89,6.51,5.22,6.04,4.45,6.14,3.62
ISIUSETTL,iShares S&P 500 EUR Hedged UCITS ETF (Acc),EUR,85.31,69.66,5.72,4.87,6.94,4.51,4.47,2.31
I-MIDGRO,iShares S&P Mid-Cap 400 Growth ETF,USD,181.69,283.92,4.1,4.23,4.73,4,4.33,5.44
I-RMCGR,iShares Russell Mid-Cap Growth ETF,USD,207.02,185.6,4.59,4.45,5.43,4.35,4.47,3.24
I-MSTARMG,iShares Morningstar Mid-Cap Growth ETF,USD,172.56,216.24,5.34,4.76,5.94,4.38,4.85,4.22
I-ENOR,iShares MSCI Norway Capped ETF,USD,135.44,79.22,4.78,6.78,6.55,5.03,6.03,9.22
IUS-IUSG,iShares Core S&P U.S. Growth ETF,USD,163.7,181.39,6.27,5.15,6.12,4.71,5.41,5.28
I-DGRO,iShares Core Dividend Growth ETF,USD,82.35,59.66,4.56,4.27,5.56,3.92,4.3,4.37
I-EWUS,iShares MSCI United Kingdom Small-Cap ETF,USD,69.51,91.64,4.04,3.95,3.57,3.4,5.23,6.47
ID-CUKS,iShares MSCI UK Small Cap UCITS ETF GBP (Acc),GBP,233.94,575.62,4.06,3.92,2.96,4.8,4.36,3.78
ISHCN_CDZ,iShares S&P TSX Canadian Dividend Aristocrats Index Fund,CAD,429.38,489.24,3.3,3.77,4.18,3.62,3.96,5.13
ISHCN_CPD,iShares S&P TSX Canadian Preferred Share Index Fund,CAD,144.36,275.82,5.04,4.5,5.85,4.6,3.77,4.49
ISHCN_CRQ,iShares Canadian Fundamental Index Fund,CAD,183.95,542.68,5.72,4.91,5.55,4.99,5.46,4.34
XEI,iShares Core S&P/TSX Composite High Dividend Index ETF,CAD,254.18,456.58,5.16,4.74,6.09,4.53,4.81,4.68
XMV,iShares Edge MSCI Min Vol Canada Index ETF,CAD,255.5,344.39,4.13,4.21,4.79,4.02,4.27,5.29
IMXTRAC,iShares INMEX Total Return TRAC,MXN,186.88,49.57,4.5,4.4,5.85,3.72,4.66,3.82
ISBRAZTTL,iShares MSCI Brazil UCITS ETF USD (Dist),USD,919.59,998.93,4.23,3.78,2.86,4.38,5,2.78
I-LA40,iShares Latin America 40 ETF,USD,353.58,598.27,4.28,4.53,4.79,4.08,5.14,6.39
ID-CMXC,iShares MSCI Mexico Capped UCITS ETF USD (Acc),USD,240.96,374.28,4.66,4.62,5.75,4.09,4.93,5.9
I-PERUCP,iShares MSCI All Peru Capped ETF,USD,35.43,80.83,4.07,4.04,4.47,3.9,3.92,8.39
ECOO11,iShares Indice Carbono Eficiente (ICO2) Brasil Fundo de Indice,BRL,124.71,72.6,5.1,4.62,5.83,4.14,4.87,4.37
ID-CSBR,iShares MSCI Brazil UCITS ETF USD (Acc),USD,170.07,172.36,6.82,5.38,6.55,4.74,5.85,4
ISHCHILE,iShares MSCI Chile Capped ETF,USD,134.23,442.39,6.23,5.32,6.04,5.71,5.32,4.29
ISLTAMTTL,iShares MSCI EM Latin America UCITS ETF USD (Dist),USD,206.18,281.82,5.25,4.77,5.21,4.45,5.28,7.47
I_BBOVA,iShares iBovespa - Fundo de Indice,BRL,557.38,"1,126.19",4.64,4.72,5.07,4.26,4.96,5.18
I_BSMAL,iShares BM&F Bovespa Small Cap - Fundo de Indice,BRL,205.85,321.6,4.54,4.52,6.07,4.22,4.39,3.34
WEBXBRZ,iShares MSCI Brazil Capped ETF,USD,547.25,947.15,3.81,3.33,2.21,4.25,4.45,1.98
IM-MEXRISK,iShares MSCI Mexico Risk TRAC,MXN,90.79,88.74,8.05,5.89,5.84,5.9,6.42,3.27
WEBXMXN,iShares MSCI Mexico Capped ETF,USD,247.67,595.23,5.39,4.97,5.61,4.81,5.63,6.65
IM-MEXMTUM,iShares MSCI Mexico Momentum TRAC,MXN,135.81,234.96,5.55,5.16,6.01,4.07,4.97,3.78
I-ICOL,iShares MSCI Colombia Capped ETF,USD,100.06,103.78,6.81,5.25,6.6,4.59,5.59,2.43
I_BIBRX,iShares IBrX-Indice Brasil IBrX - Fundo de Indice,BRL,168.51,209.76,4.89,4.6,5.95,4.21,4.65,3.7
I-KOKSI,iShares MSCI Kokusai ETF,USD,397.02,409.9,2.87,3.7,4.17,3.09,4.48,5.27
I-EFNL,iShares MSCI Finland Capped ETF,USD,158.21,147.88,6.18,5.06,6.39,4.5,5.78,2.79
XCG,iShares Canadian Growth Index ETF,CAD,275.17,221.99,6.41,5.3,4.98,4.61,6.84,7.77
ID-CEUS,iShares MSCI EMU Small Cap UCITS ETF EUR (Acc),EUR,210.25,102.13,7.96,5.89,6.91,5.79,5.1,4.94
ISTCDXTTL,iShares TecDAX UCITS ETF (DE),EUR,6.13,85.06,3.41,4.37,4.89,1.92,6.13,9.97
ID-CSUK,iShares MSCI UK UCITS ETF GBP (Acc),GBP,134.79,148.7,4.3,4.46,4.48,4.07,5.12,8.59
ISFTDITTL,iShares UK Dividend UCITS ETF GBP (Dist),GBP,223.94,302.15,6.65,5.18,5.87,4.95,6.34,4.76
IFT100TTL,iShares Core FTSE 100 UCITS ETF GBP (Dist),GBP,223.71,197.34,6.07,5.18,5.37,4.53,6.88,8.48
ID-CUKL,iShares MSCI UK Large Cap UCITS ETF GBP (Acc),GBP,189.33,435.28,4.67,6.23,5.94,3.44,5.67,4.98
ID-CUKX,iShares FTSE 100 UCITS ETF GBP (Acc),GBP,"1,122.30","1,486.83",5,4.83,4.74,5,4.91,7.27
WEBXGBP,iShares MSCI United Kingdom ETF,USD,422.22,"1,054.99",6.36,5.95,6.69,4.4,5.27,8.08
I-TURKEY,iShares MSCI Turkey ETF,USD,727.36,842.06,5.5,4.62,4.51,4.15,5.12,3.49
ISTURKTTL,iShares MSCI Turkey UCITS ETF USD (Dist),USD,319.21,511.46,4.36,4.55,4.79,4.08,5.09,6.64
IUS-INTF,iShares Edge MSCI Multifactor Intl ETF,USD,298.61,504.99,3.47,4,5.32,4.03,3.1,6.03
ISHCN_CEW,iShares Equal Weight Banc & Lifeco ETF,CAD,324.72,308.72,6.08,5.15,5.33,4.1,6.42,8.94
ISHCN_FIE,iShares Canadian Financial Monthly Income ETF,CAD,139.54,291.49,5.55,4.84,4.81,4.3,6.7,8.91
XGD,iShares S&P/TSX Global Gold Index Fund,CAD,227.9,177.72,6.69,5.52,6.26,4.83,6.38,6.98
XST,iShares S&P/TSX Capped Consumer Staples Index Fund,CAD,22.93,37.06,4.15,3.95,4.69,3.65,4.12,4.35
XUT,iShares S&P/TSX Capped Utilities Fund,CAD,395.52,414.96,3.17,3.53,4.32,4.07,3.2,8.44
I-IEFA,iShares Core MSCI EAFE ETF,USD,14.91,27.12,4.91,4.72,6.57,4.5,4.58,3.81
I-EFAV,iShares Edge MSCI Min Vol EAFE ETF,USD,182.98,113.82,5.89,4.92,5.61,4.72,5.17,7.26
I-EPAC-DIV,iShares International Select Dividend ETF,USD,61.59,47.64,5.64,4.93,6.13,5.1,3.73,5.58
ISHCN_XEF,iShares Core MSCI EAFE IMI Index ETF,CAD,3.79,9.14,6.57,5.21,6.11,4.82,5.61,5.33
ISSFEXTTL,iShares MSCI AC Far East ex-Japan Small Cap UCITS ETF USD (Dist),USD,31.13,25.13,4.59,4.73,5.9,3.98,6.11,9.99
ISMAAIAIS,iShares Core MSCI AC Asia ex Japan Index ETF,HKD,113.69,78,3.82,4.29,4.08,4.05,5.2,8.69
I-MSXJP,iShares MSCI Pacific ex Japan ETF,USD,23.95,26.42,3.42,4.48,8.56,4.08,4.5,5.57
ISIPXJTTL,iShares MSCI Pacific ex-Japan UCITS ETF USD (Dist),USD,82.67,83.05,7.37,5.68,6.77,4.72,6.57,5.21
ISCSIFAIS,iShares CSI A-Shares Financials Index ETF,HKD,261.43,345.52,4.14,4.21,4.78,4.01,4.29,5.77
ICHINAAIS,iShares MSCI China Index ETF,HKD,172.33,201.71,5.14,5.25,5.41,4.63,6.09,7.38
ISCSISAIS,iShares CSI 300 Consumer Staples Index,HKD,327.26,594.19,4.22,4.33,3.73,5.36,4.64,4.36
ISBRICTTL,iShares BRIC 50 UCITS ETF USD (Dist),USD,70.3,95.8,6.13,5.02,4.35,4.74,5.76,6.04
ISCHINTTL,iShares Dow Jones China Offshore 50 UCITS ETF (DE),USD,163.94,201.83,3.91,4.31,4.23,3.96,5.08,8.54
I-FTSEXIN,iShares China Large-Cap ETF,USD,274.2,209.98,6.47,5.35,5.14,4.7,6.77,7.11
ISMEAIAIS,iShares MSCI Emerging Asia Index ETF,HKD,12.07,81.36,3.54,4.32,5.24,2.84,4.45,8.4
ID-CEMA,iShares MSCI EM Asia UCITS ETF USD (Acc),USD,227.61,281.58,7.06,5.57,5.7,5.4,6.67,6.14
ISFTSETTL,iShares China Large Cap UCITS ETF USD (Dist),USD,198.91,329.33,7.09,5.44,6.28,4.97,6.2,4.64
I-EEMA,iShares MSCI Emerging Markets Asia ETF,USD,301.24,460.29,3.5,4.01,5.28,4.01,3.17,6.64
I-MCHI,iShares MSCI China ETF,USD,24.87,28.68,6.24,5.1,5.17,5.24,4.86,4.31
I-SPA50,iShares Asia 50 ETF,USD,1.62,24.22,2.44,3.95,6.9,2.66,5.49,9.94
ID-CSKR,iShares MSCI Korea UCITS ETF USD (Acc),USD,357.46,442.27,4.95,4.64,5.72,3.83,5.66,6.31
I-THAI,iShares MSCI Thailand Capped ETF,USD,156.81,408.16,5.77,4.85,5.35,4.99,5.36,4.51
ISKORETTL,iShares MSCI Korea UCITS ETF USD (Dist),USD,141.45,174.5,5.93,4.92,6.2,4.26,4.75,2.84
WEBXKOR,iShares MSCI South Korea Capped ETF,USD,489.57,433.13,5.09,5.1,5.71,4.01,5.71,7.55
WEBXMYR,iShares MSCI Malaysia ETF,USD,668.31,646.95,4.79,4.52,3.38,4.16,6.82,8.72
ISCNYATTL,iShares MSCI China A UCITS ETF USD (Acc),USD,100.25,148.73,4.78,4.51,5.17,3.85,5.17,9.18
ISFT50SGR,iShares FTSE A50 China Index ETF Singapore RQFII,HKD,125.71,165.54,4.92,4.57,6.13,4.17,4.52,3.02
ISFT50AIS,iShares FTSE A50 China Index ETF,HKD,317.12,496.37,3.69,4.08,5.38,4.12,2.97,6.2
ISFT50UBS,iShares FTSE A50 China Index ETF - UBS,HKD,104.64,85.49,5.57,4.81,6.34,4.89,3.66,6.36
I-EWGS,iShares MSCI Germany Small-Cap ETF,USD,271.4,359.26,6.38,5.45,6.02,5.16,5.33,5.63
ISHHEWG,iShares Currency Hedged MSCI Germany ETF,USD,139.39,363.11,5.59,4.9,5.32,4.84,5.52,6.18
ISIEUATTL,iShares EURO STOXX 50 UCITS ETF (Acc),EUR,164.22,170.46,6.21,5.14,6.31,4.76,5.05,4.38
IFTEURTTL,iShares FTSEurofirst 100 UCITS ETF EUR (Dist),EUR,104.64,85.49,5.57,4.81,6.34,4.89,3.66,6.36
ISDIVITTL,iShares Euro Dividend UCITS ETF EUR (Dist),EUR,749.38,"1,233.55",7.39,5.74,6.01,5.47,6.02,4.3
ISDJESTTL,iShares EURO STOXX 50 UCITS ETF EUR (Dist),EUR,158.47,171.66,6.86,5.36,6.64,4.7,5.78,3.5
ISDJGRTTL,iShares Euro Total Market Growth Large UCITS ETF EUR (Dist),EUR,135.53,131.08,5.3,4.74,5.86,4.82,3.62,6.01
ISDJVATTL,iShares Euro Total Market Value Large UCITS ETF EUR (Dist),EUR,64.15,96.28,5.35,4.79,6.03,4.41,4.85,4.43
ISGT50TTL,iShares Dow Jones Global Titans 50 UCITS ETF (DE),EUR,217.6,252,4.63,4.67,5.58,4.04,4.96,5.95
ISHAEXTTL,iShares AEX UCITS ETF EUR (Dist),EUR,169.5,172.08,6.78,5.37,6.51,4.72,5.91,4.34
ID-CSX5,iShares Core EURO STOXX 50 UCITS ETF EUR (Acc),EUR,744.45,"1,324.36",3.35,4.29,4.78,4.5,4.12,7.27
ISIXMUTTL,iShares MSCI Europe ex-EMU UCITS ETF,USD,156.13,198.21,2.32,3.41,4.27,3.17,3.64,4.75
ISATXDTTL,iShares ATX UCITS ETF (DE),EUR,133.75,41.56,5.1,4.6,5.22,4.45,4.84,3.97
ISDAAXTTL,iShares Core DAX UCITS ETF (DE),EUR,96.14,81.16,5.4,4.95,6.12,4.54,5.19,6.06
ISDVDXTTL,iShares DivDAX UCITS ETF (DE),EUR,90.19,174.78,6.45,5.11,5.94,4.86,5.72,6.64
ISMIDETTL,iShares SLI UCITS ETF (DE),CHF,212.21,201.33,7.58,5.69,6.73,4.89,5.88,3.16
ISEUEXTTL,iShares EURO STOXX 50 ex-Financials UCITS ETF EUR (Acc),EUR,26.96,27.14,5.61,4.81,5.25,4.73,4.96,4.71
IDJST6TTL,iShares STOXX Europe 600 UCITS ETF (DE),EUR,489.62,433.2,5.09,5.1,5.39,4.01,5.71,7.36
ISDJ50TTL,iShares STOXX Europe 50 UCITS ETF (DE),EUR,745.92,717.56,4.53,4.24,4.41,3.4,4.43,3.76
ISEL15TTL,iShares STOXX EU Enlarged 15 UCITS ETF (DE),EUR,90.24,174.85,6.45,5.11,5.94,4.86,5.72,6.64
ISIWXUTTL,iShares Developed World ex-UK UCITS ETF,USD,191.62,287.92,3.71,4.24,3.7,3.85,5.25,8.71
ISJUSSTTL,iShares Dow Jones U.S. Select Dividend UCITS ETF (DE),USD,95.63,69.3,5.29,4.66,6.01,4.09,4.82,3.36
I-DSDIV,iShares Select Dividend ETF,USD,24.24,53.86,3.79,4.36,6.23,3.8,4.42,5.05
I-MSTARLV,iShares Morningstar Large-Cap Value ETF,USD,374.76,438.18,3.64,4.21,4.16,4.04,4.97,7.73
I-R1VAL,iShares Russell 1000 Value ETF,USD,236.46,301.15,3.95,4.29,3.93,4.1,5.15,8.45
I-R200V,iShares Russell Top 200 Value ETF,USD,217.11,294.15,4.61,4.51,5.71,4.25,4.6,3.98
I-SP5VAL,iShares S&P 500 Value ETF,USD,192.02,188.75,6.48,5.3,5.86,4.79,6.11,6.96
ISO,iShares S&P/ASX Small Ordinaries ETF,AUD,400.1,223.11,4.18,5.01,4.99,4.11,5.12,3.8
I-R2VAL,iShares Russell 2000 Value ETF,USD,135.67,131.41,5.3,4.74,5.86,4.82,3.62,6.02
I-SP6VAL,iShares S&P Small-Cap 600 Value ETF,USD,330.23,389.59,6.28,5.03,6.41,4.48,6.36,5.29
I-MSTARSV,iShares Morningstar Small-Cap Value ETF,USD,234.8,169.17,6.49,5.4,5.92,4.72,6.35,7.4
I-FT-EURO,iShares Europe Developed Real Estate ETF,USD,181.54,188.15,7.08,5.51,6.61,4.84,5.89,4.5
I6AMRETTL,iShares STOXX North America 600 Real Estate Cap UCITS ETF (DE),EUR,166.01,158.15,7.56,5.71,7.01,5.07,5.69,3.44
I6APRETTL,iShares STOXX Asia Pacific 600 Real Estate Cap UCITS ETF (DE),EUR,215.18,448.08,3.84,3.71,3.19,4.59,3.48,4.6
ISPROPTTL,iShares European Property Yield UCITS ETF EUR (Dist),EUR,105.94,86.63,5.57,4.81,6.34,4.89,3.67,6.36
I6REALTTL,iShares STOXX Europe 600 Real Estate UCITS ETF (DE),EUR,185.33,234.95,5.99,5.02,6.33,4.91,4.43,2.67
I-DREAL,iShares U.S. Real Estate ETF,USD,204.8,261.93,6.17,5.07,5.84,4.7,5.63,4.33
I-FT-MORTG,iShares Mortgage Real Estate Capped ETF,USD,90.21,174.77,6.45,5.11,5.94,4.86,5.72,6.64
IUS-USRT,iShares Core U.S. REIT ETF,USD,143.47,302.1,7.35,5.82,6.67,5.06,6.42,6.08
I-FT-RESID,iShares Residential Real Estate Capped ETF,USD,695.11,662.44,4.75,4.52,3.35,4.12,6.87,8.52
I-CSFD,iShares Cohen & Steers REIT ETF,USD,206.34,233.12,5.14,4.6,5.38,4.08,4.54,3.28
ISUSPRTTL,iShares US Property Yield UCITS ETF USD (Dist),USD,79.82,90.21,5.17,5.56,5.19,5.94,5.41,7.78
ISUSAGTTL,iShares MSCI Target US Real Estate UCITS ETF USD (Dist) A4 Sleeve,USD,219.05,200.03,5.84,5.07,5.17,4.36,6.85,8.67
ISUSRECSC,iShares MSCI Target US Real Estate UCITS ETF USD (Dist) Credit Suisse CFD,USD,168.11,208.71,4.89,4.6,5.95,4.21,4.64,3.7
ISUSREUBC,iShares MSCI Target US Real Estate UCITS ETF USD (Dist) UBS CFD,USD,3.41,60.09,6.9,5.8,6.41,3.86,7.06,10
ISUSRETTL,iShares MSCI Target US Real Estate UCITS ETF USD (Dist),USD,108.13,99.44,6.16,5.01,6.24,4.73,4.63,2.13
ISUSRFTTL,iShares MSCI Target US Real Estate FI UCITS ETF,USD,360.58,542.91,3.99,4.18,3.54,5.5,4.46,3.53
I-EAFEVAL,iShares MSCI EAFE Value ETF,USD,277.14,185.54,7.4,5.61,6.85,4.75,5.71,3.36
ISJ225TTL,iShares Nikkei 225 UCITS ETF (DE),JPY,11.44,23.11,7,6.3,4.75,2.99,6.67,9.05
ID-CNKY,iShares Nikkei 225 UCITS ETF JPY (Acc),JPY,92.56,75.88,3.79,4.26,3.87,3.99,5.11,9.33
IUS-JPXN,iShares JPX-Nikkei 400 ETF,USD,166.71,209.05,4.79,4.57,5.82,4.17,4.67,4.14
ISIJPATTL,iShares Core MSCI Japan IMI UCITS ETF USD (Acc),USD,240.13,362.41,4.1,4.24,3.51,4.55,4.98,7.28
ISJAFDTTL,iShares MSCI Japan UCITS ETF USD (Dist),USD,166.05,158.2,7.56,5.71,7.01,5.07,5.69,3.44
ID-CSJP,iShares MSCI Japan UCITS ETF USD (Acc),USD,167.39,208.25,4.89,4.6,5.95,4.21,4.64,3.7
WEBXJPY,iShares MSCI Japan ETF,USD,166.05,105.77,6.8,5.64,6.99,4.84,6.69,5.76
I-JPMV,iShares Edge MSCI Min Vol Japan ETF,USD,506.03,"1,276.05",6.27,5.79,5.93,6.19,5.13,5.74
BNV003DE,iShares Core Nikkei 225 ETF,JPY,188.82,358.45,4.69,4.36,5.49,4.42,3.6,4.5
ISHHEWJ,iShares Currency Hedged MSCI Japan ETF,USD,98.22,80.22,6.02,4.99,6.22,4.75,3.99,6.55
WEBXHKD,iShares MSCI Hong Kong ETF,USD,209.98,191.46,7.19,5.56,6.73,5.16,5.47,4.84